{
  "model/formatter.js": 1621299102187,
  "Component.js": 1622142661999,
  "model/json/Employees.json": 1623178974941,
  "model/json/Countries.json": 1623178968686,
  "manifest.json": 1623182115737,
  "model/models.js": 1619439944397,
  "i18n/i18n.properties": 1623024066038,
  "controller/OrderDetails.controller.js": 1623113209707,
  "controller/MasterEmployee.controller.js": 1622935068503,
  "controller/Main.controller.js": 1623179177817,
  "controller/EmployeeDetails.controller.js": 1622935229458,
  "controller/Base.controller.js": 1622933624774,
  "controller/App.controller.js": 1622845714929,
  "control/Signature.js": 1623017947089,
  "model/json/Layout.json": 1623178981635,
  "manifest-bundle.zip": 1623182115160,
  "Component-preload.js": 1623182115647,
  "control/Signature-dbg.js": 1623017947089,
  "model/formatter-dbg.js": 1621299102187,
  "controller/OrderDetails-dbg.controller.js": 1623113209707,
  "controller/MasterEmployee-dbg.controller.js": 1622935068503,
  "controller/Main-dbg.controller.js": 1623179177817,
  "controller/EmployeeDetails-dbg.controller.js": 1622935229458,
  "controller/Base-dbg.controller.js": 1622933624774,
  "controller/App-dbg.controller.js": 1622845714929,
  "model/models-dbg.js": 1619439944397,
  "Component-dbg.js": 1622142661999,
  "resources.json": 1623182115741,
  "view/OrderDetails.view.xml": 1623109340588,
  "view/MasterEmployee.view.xml": 1620778798025,
  "view/Main.view.xml": 1622846457758,
  "view/EmployeeDetails.view.xml": 1622812542560,
  "view/App.view.xml": 1622846995375,
  "fragment/TableOrders.fragment.xml": 1622903410233,
  "fragment/TableEmployee.fragment.xml": 1621947040686,
  "fragment/NewIncidence.fragment.xml": 1622760412633,
  "fragment/DialogOrders.fragment.xml": 1622812037249,
  "css/style.css": 1621122459764,
  "index.html": 1622924728667
}