<core:FragmentDefinition xmlns:core="sap.ui.core" xmlns="sap.m">

    <Table items="{odataNorthwind>Orders}" width="700px">
        <columns>   
            <Column >
                <header>
                    <Label text="{i18n>orderID}" />
                </header>
            </Column>
            <Column >
                <header>
                    <Label text="{i18n>freight}" />
                </header>
            </Column>
             <Column >
                <header>
                    <Label text="{i18n>shippAddress}" />
                </header>
            </Column>
        </columns>

        <items>
            <ColumnListItem type="Navigation" press="toOrderDetails" >
                <cells>
                    <Label text="{odataNorthwind>OrderID}"/>
                    <Label text="{odataNorthwind>Freight}"/>
                    <Label text="{odataNorthwind>ShipAddress}"/>
                </cells>
            </ColumnListItem>
        </items>
                
    </Table>

</core:FragmentDefinition>